Snow White/Breaker;002
Snow White/Cleric;010
Snow White/Crusher;017
Snow White/Paladin;046
Snow White/Minstrel;059
Snow White/Tuna Cleric;061
Snow White/HNM;064
Snow White/Sorcerer;076
Snow White/Gunner;082
Snow White/Mage;097
Snow White/Mizugi;111
Snow White/Alternative;128
Snow White/Greedy Crow Paladin;132
Snow White/Xmas;143
Snow White/Kimono;148
Snow White/Wrath Wolf Crusher;164
Snow White/Lustful Scorpion Cleric;179
Snow White/Grand Prix;194
Snow White/Proud Lion HNM;195
Snow White/Proud Lion Breaker;206
Alice/Luxury;196
Alice/Breaker;001
Alice/Paladin;009
Alice/Cleric;022
Alice/Original;029
Alice/Sorcerer;032
Alice/Minstrel;044
Alice/HNM;048
Alice/Alternative;056
Alice/Kimono;065
Alice/Gunner;077
Alice/Proud Lion HNM;099
Alice/Envious Serpent Gunner;100
Alice/Mage;107
Alice/Mizugi;109
Alice/Crusher;115
Alice/Grandioso;135
Alice/Valentine;154
Alice/Camp;173
Alice/Wrath Wolf Crusher;177
Alice/Gluttonous Tiger Sorcerer;181
Alice/Alternative Blood;189
Alice/Alternative;189
Alice/Luxury;196
Red Riding Hood/Crusher;003
Red Riding Hood/Cleric;011
Red Riding Hood/Sorcerer;023
Red Riding Hood/Breaker;031
Red Riding Hood/Minstrel;033
Red Riding Hood/Paladin;052
Red Riding Hood/Alternative;060
Red Riding Hood/Kimono;066
Red Riding Hood/Gunner;095
Red Riding Hood/HNM;103
Red Riding Hood/Lustful Scorpion Cleric;119
Red Riding Hood/Mage;134
Red Riding Hood/Xmas;144
Red Riding Hood/Luxury;198
Cinderella/Gunner;004
Cinderella/Sorcerer;012
Cinderella/Breaker;021
Cinderella/Crusher;035
Cinderella/Minstrel;053
Cinderella/Kimono;067
Cinderella/Paladin;069
Cinderella/Cleric;089
Cinderella/Alternative;090
Cinderella/Envious Serpent Gunner;118
Cinderella/Halloween;130
Cinderella/HNM;139
Cinderella/Proud Lion Breaker;156
Cinderella/Luxury;197
Pinocchio/Crusher;005
Pinocchio/Paladin;013
Pinocchio/Sorcerer;020
Pinocchio/Minstrel;030
Pinocchio/Gunner;051
Pinocchio/Tuna Paladin;062
Pinocchio/Breaker;083
Pinocchio/Cleric;106
Pinocchio/Gluttonous Tiger Sorcerer;113
Pinocchio/Alternative;127
Pinocchio/Sloth Bear Minstrel;145
Pinocchio/Wrath Wolf Crusher;149
Pinocchio/HNM;167
Pinocchio/Mage;205
Little Mermaid/Breaker;025
Little Mermaid/Gunner;026
Little Mermaid/Minstrel;027
Little Mermaid/Paladin;050
Little Mermaid/Alternative;063
Little Mermaid/Cleric;080
Little Mermaid/Sorcerer;086
Little Mermaid/Poacher;092
Little Mermaid/Crusher;102
Little Mermaid/Proud Lion Breaker;105
Little Mermaid/HNM;114
Little Mermaid/Halloween;129
Little Mermaid/Envious Serpent Gunner;171
Little Mermaid/Mage;182
Gretel/Breaker;007
Gretel/Gunner;105
Gretel/Minstrel;019
Gretel/Sorcerer;042
Gretel/Crusher;049
Gretel/Cleric;055
Gretel/Alternative;078
Gretel/HNM;093
Gretel/Gluttonous Tiger Sorcerer;098
Gretel/Mizugi;108
Gretel/Paladin;124
Gretel/Lustful Scorpion Cleric;133
Gretel/Envy Serpent HNM;138
Gretel/Greedy Crow Paladin;151
Gretel/Envious Serpent Gunner;178
Briar Rose/Crusher;006
Briar Rose/Sorcerer;014
Briar Rose/Gunner;018
Briar Rose/Paladin;034
Briar Rose/Breaker;047 
Briar Rose/HNM;085
Briar Rose/Alternative;088
Briar Rose/Poacher;091
Briar Rose/Cleric;104
Briar Rose/Minstrel;116
Briar Rose/Sloth Bear Minstrel;150
Briar Rose/Lustful Scorpion Cleric;165
Briar Rose/Camp;175
Briar Rose/Envious Serpent Gunner;180
Briar Rose/Wrath Wolf Crusher;188
Kaguya/Paladin;008
Kaguya/Sorcerer;016
Kaguya/Cleric;024
Kaguya/Breaker;028
Kaguya/Crusher;058
Kaguya/Alternative;079
Kaguya/Minstrel;094
Kaguya/Invader;122
Kaguya/HNM;126
Kaguya/Proud Lion Breaker;131
Kaguya/Gunner;136
Kaguya/Gluttonous Tiger Sorcerer;140
Kaguya/Kimono;146
Kaguya/Lustful Scorpion Cleric;172
Kaguya/Sloth Bear Minstrel;183
Dorothy/Gunner;043
Dorothy/Sorcerer;045
Dorothy/Alternative;068
Dorothy/Minstrel;081
Dorothy/Cleric;084
Dorothy/Breaker;101
Dorothy/Mizugi;110
Dorothy/Crusher;123
Dorothy/Paladin;125
Dorothy/Greedy Crow Paladin;141
Dorothy/Envious Serpent Gunner;163
Dorothy/Camp;174
Dorothy/Sloth Bear Minstrel;187
Nutcracker/Breaker;057
Nutcracker/Mitsugi;112
Nutcracker/Xmas;142
Nutcracker/Valentine;155
Nutcracker/Gold;199
Three Little Piggies/Breaker;075
Three Little Piggies/Cleric;096
Three Little Piggies/Invader;121
Three Little Piggies/Minstrel;137
Three Little Piggies/HNM;204
Aladdin/Sorcerer;120
Aladdin/Kimono;147
Aladdin/Paladin;170
Aladdin/Crusher;184
Rapunzel/Cleric;153
